,y
4384,0
2462,0
2512,0
1250,1
5028,0
436,0
1803,0
4565,0
2842,0
3791,0
4372,0
1814,0
3306,1
138,0
2463,0
1743,0
1741,0
1783,1
3645,0
4871,0
5214,1
3192,0
761,0
5934,1
1459,0
4927,0
400,0
2173,0
1540,0
2232,0
2591,1
4743,1
3935,0
4159,0
4870,1
3001,0
335,1
4917,0
5746,0
5674,0
1752,0
3201,1
1894,1
4989,1
4365,0
3396,0
5887,1
3729,0
3883,1
5365,0
2997,0
3016,1
5389,0
232,1
1120,1
1827,1
4152,0
5033,1
3954,1
3232,0
562,0
2879,1
739,1
1817,1
3109,1
1697,0
2412,0
5016,1
4609,1
5476,1
591,1
4123,0
2048,0
1458,0
5614,1
3295,1
3906,0
1200,0
4441,1
4594,1
2002,0
5494,0
4017,1
2503,0
4471,1
4843,0
3213,0
5707,0
4576,0
5695,0
3294,0
4932,1
2599,0
3246,0
3623,0
1199,0
1410,0
4487,0
3220,0
4445,1
1176,0
1302,0
3114,0
1000,1
3803,0
387,0
5083,0
1301,0
1920,0
716,1
678,1
4494,1
1712,1
2621,0
1918,1
1571,1
4438,0
1719,0
5282,0
4415,0
4677,1
3919,0
841,0
5360,0
5095,0
1009,0
925,0
5744,0
2037,0
3940,0
4002,1
305,0
1152,1
463,0
5519,1
3697,0
5572,1
370,0
1074,0
1887,1
5607,0
812,0
563,0
3545,0
5891,1
2127,1
3797,0
852,1
3291,0
5840,1
5465,0
3284,0
4475,0
5824,1
2726,0
4859,1
1780,1
2106,1
4103,0
4878,1
1183,0
629,1
2812,0
4434,1
2376,1
1694,0
4194,0
3002,1
2307,0
4831,0
816,0
1245,0
622,1
5866,0
3593,1
2727,0
4424,0
938,0
4349,0
4518,0
1452,0
1670,1
4767,1
555,1
2310,0
4380,1
4447,0
4235,0
4299,0
4339,1
2289,1
2609,0
3505,0
2046,0
1526,0
4833,0
5076,0
5693,1
306,0
651,1
5346,0
3658,0
2198,0
2896,1
4667,0
2472,1
3564,0
5330,0
745,0
4374,0
2547,1
2302,1
4539,0
1725,0
747,1
1899,1
5539,0
5338,0
4231,0
1101,0
5255,1
1616,0
1347,0
1791,0
1664,0
1483,0
4949,1
4170,1
3475,0
5587,0
5974,0
4578,0
3448,0
5500,0
4573,0
2279,0
4420,0
5529,1
3798,0
5190,0
1224,1
4274,0
5378,0
2936,0
2604,0
5012,0
4747,0
5940,0
731,1
3938,0
606,0
3815,0
4998,0
2483,0
3115,1
636,0
3519,0
340,1
4599,0
1823,0
2174,0
3425,1
2401,0
5361,1
2807,0
78,1
1046,0
3754,0
3547,1
136,0
3541,1
2221,1
4164,1
4099,0
2189,0
5099,0
1062,0
914,0
5257,0
5726,1
4791,0
1688,0
5183,0
1997,1
110,0
5399,0
3782,0
5498,0
3301,1
10,0
3162,0
5880,0
1595,1
3961,1
4882,0
4985,0
4655,1
1494,1
4850,1
1193,0
4238,0
5867,0
1473,0
4369,0
2991,0
2718,0
4988,0
1935,0
1521,1
497,0
2236,0
2423,0
5737,1
977,0
3182,1
2115,0
2295,0
1754,0
3248,0
1295,0
2137,0
4078,0
4830,0
2798,0
2748,0
1932,0
4479,1
281,1
5571,0
5819,0
4097,0
2470,0
4289,0
2996,0
4252,0
4154,0
1763,1
5648,0
5407,0
2422,0
5728,0
1537,0
5779,1
479,0
5422,0
2098,0
2523,0
2719,0
3948,0
5694,0
1233,1
94,0
5403,1
4058,1
3691,1
2796,1
154,1
2630,1
5458,1
5915,0
2669,0
5384,0
33,0
964,1
988,1
250,1
633,0
5739,0
231,0
4691,0
5419,0
1448,0
2677,0
1768,0
3974,0
1860,0
4577,0
4083,0
1573,0
5002,0
824,0
1548,0
1004,1
3709,0
4781,0
4268,0
5438,1
4180,0
2959,0
788,0
2250,0
3551,0
1816,0
4473,1
3638,0
2824,0
2342,0
715,0
3216,1
348,1
2821,0
1580,1
1248,0
3441,1
1825,1
834,0
2430,0
2195,1
3280,0
5736,1
2542,0
1628,0
5670,0
4789,1
2749,1
3905,1
394,0
3589,1
2816,1
1195,1
4965,0
5552,0
2323,1
890,0
4793,0
4482,0
3409,1
1065,0
3116,0
1424,0
1104,0
653,1
1870,0
3422,0
1836,1
658,0
1601,1
4928,1
3777,1
1774,0
630,0
5119,0
538,0
5161,0
3411,0
1639,0
2427,0
4379,0
922,0
5540,1
3463,1
2233,0
5705,1
456,1
3327,0
2746,0
743,0
5106,0
2354,0
4286,0
2488,0
4214,1
2994,0
4879,0
621,1
4120,0
4986,0
910,0
5638,1
4650,1
1950,0
2253,0
2975,0
2113,1
4903,0
2976,0
1520,1
2902,0
1518,1
2436,1
4217,0
3665,0
2979,1
464,1
2057,0
3430,1
3609,0
4307,0
3454,0
5660,1
383,1
2497,0
1546,1
2756,0
2392,0
339,0
1785,0
1738,1
5965,0
5594,0
5537,0
576,0
3079,0
751,0
3675,0
1687,0
2144,0
4516,0
1777,1
115,0
1885,0
2212,0
258,0
5148,0
717,0
1474,0
3892,1
1289,1
4112,0
1038,1
3348,0
20,0
5359,0
251,0
4571,0
3352,0
2442,0
3745,0
3344,1
4269,1
4469,0
3476,0
4088,1
5995,0
2543,0
4059,1
862,1
3730,0
4510,0
2458,0
458,0
956,0
1309,1
4601,1
1787,0
5720,0
1188,0
5650,0
5643,1
1917,0
3888,1
2689,1
3715,0
118,0
2995,0
3292,1
5712,0
3314,1
950,0
2038,1
3154,1
2791,1
4463,0
1929,0
2989,0
3304,1
3231,0
2364,0
5916,1
2987,0
5579,0
3801,1
1338,0
5525,1
1524,0
1401,0
3176,0
2755,1
631,0
282,0
2560,0
4997,1
2256,1
600,0
4961,1
5060,1
3824,1
1279,1
133,0
3093,1
3222,0
1077,0
2360,0
3062,0
4394,0
5999,0
5121,0
2215,0
4939,0
1637,0
2837,0
150,0
5142,0
2171,0
4040,0
3900,0
958,0
729,0
712,0
2868,0
22,1
3138,1
3313,0
4409,1
507,1
1858,1
5930,1
2242,0
3265,0
5250,0
3010,0
1252,0
5919,0
3790,0
2240,0
5442,0
2259,0
4282,0
670,0
3254,1
3152,0
2435,0
3151,0
794,0
1583,1
4191,1
4128,1
2158,0
3555,0
5611,0
3181,0
2654,0
3167,1
5306,1
58,0
3050,1
5653,0
173,0
1728,1
1310,1
3173,1
3826,1
4068,0
1892,1
3290,0
2015,0
5131,0
1429,0
1623,1
866,0
485,0
2672,1
782,1
4160,0
482,0
4641,1
2750,0
2714,1
4342,0
1986,1
2700,1
868,0
5030,1
1365,0
3808,0
1923,0
877,0
2382,0
354,0
2177,0
5868,0
2224,0
1020,1
1440,0
5409,0
3199,0
4419,1
4429,0
2612,0
3440,1
1982,1
737,1
1734,1
5838,0
2642,0
5037,0
208,0
1999,0
583,0
1516,1
3783,0
4126,1
1082,0
3141,1
1682,0
4813,0
4740,0
5831,1
1654,1
5218,0
798,1
4273,0
1812,0
1467,1
4458,1
4540,0
4461,1
337,0
5806,0
3838,1
1620,0
1873,0
5459,1
4780,1
4863,0
235,1
256,1
202,0
407,0
638,0
912,1
1662,0
4810,0
3399,0
5879,1
5192,1
398,1
2027,1
5706,0
378,0
4256,0
2001,0
2471,1
2,0
5987,0
96,0
3302,0
5682,0
213,0
2350,1
5075,0
5386,0
1386,1
3618,1
3632,0
1283,0
1351,0
2710,0
1227,0
1265,0
5872,0
1621,0
5015,0
3814,0
4392,0
4687,0
2050,0
5097,0
3318,1
3226,0
5906,0
2593,0
4117,0
2941,0
5943,0
1857,0
3086,0
2357,0
2639,0
3353,0
3608,0
1087,0
3799,0
3032,1
5750,1
4934,0
2579,0
181,0
1003,1
2516,0
1109,0
1083,1
5856,0
5791,0
4135,0
5062,1
4704,0
5398,0
4657,0
590,0
4432,0
3368,0
1441,0
2788,0
274,0
1502,1
3426,1
4556,1
1088,0
3203,0
5990,1
5836,1
3936,0
3112,0
4198,0
3524,0
3644,0
2927,1
3841,0
4560,0
3924,0
1607,0
3279,0
999,1
3068,0
95,0
1832,0
3908,0
1729,0
4162,0
2632,0
3381,0
3230,0
5212,0
4678,0
123,0
3197,1
3156,0
4397,0
3101,0
3338,0
70,0
1427,0
3704,1
3132,1
2723,0
3822,0
105,1
680,0
382,1
3600,1
2321,1
5630,1
5102,1
2900,0
3051,0
4166,0
93,0
1886,1
1156,1
1051,0
1400,0
42,1
299,0
1316,0
2852,0
5388,0
4751,0
3959,1
5375,0
3439,1
4875,0
4368,0
1963,1
5412,0
512,1
4812,0
3673,1
5874,1
227,0
1336,0
4355,1
1392,0
3046,0
5526,0
924,0
3789,0
3512,1
513,1
3494,0
2809,0
152,1
1781,0
1211,0
4992,0
5280,1
1178,0
2214,0
1925,0
5782,0
3733,0
3713,0
5137,0
2744,0
1369,0
3267,1
5199,0
2758,0
768,1
2320,1
884,0
2751,0
1924,0
1116,0
1605,1
763,0
3727,0
4779,1
4804,0
5233,0
83,0
672,1
3386,0
686,0
4108,0
3066,0
5835,0
49,1
3588,1
2413,1
3540,0
5574,0
674,0
744,0
986,0
2629,0
4777,0
4005,0
594,0
4603,0
5503,0
1262,0
1960,1
793,0
4869,0
4317,0
5821,0
4,0
1464,1
4515,1
3330,0
362,1
2022,0
5666,1
5731,0
758,0
864,0
2825,0
1883,0
2562,1
247,0
1390,0
155,1
3006,1
5911,0
3966,0
5925,1
4832,1
3610,1
2248,0
4322,0
2762,0
5371,0
4935,0
4901,1
1564,1
5450,0
5053,0
649,0
3241,1
2715,1
3607,0
4249,0
5202,1
5235,1
2184,1
4425,0
4975,1
836,0
2499,0
2511,0
738,0
3904,0
2882,1
5225,0
3212,0
4488,0
4167,1
5558,0
3473,1
911,0
1539,0
5460,1
4301,1
770,0
1131,0
3737,0
3992,0
3882,0
37,0
4668,0
5369,0
4724,1
1190,0
5017,1
3416,0
5222,0
2275,1
5021,0
3124,0
5813,1
1941,0
219,1
5502,1
815,1
4044,0
4782,0
933,0
3057,0
2923,1
5983,0
3778,0
2130,0
5262,1
13,0
4876,0
4512,0
1981,0
4675,1
226,0
5551,1
906,0
2456,0
4192,1
2586,0
5260,0
263,0
2776,0
519,0
3364,1
3886,0
2888,0
5341,0
3917,0
3374,0
4881,0
216,1
5763,0
3528,0
4433,1
2971,1
847,1
5309,1
3453,0
5230,0
5859,0
3061,0
4430,1
1054,0
953,0
3351,1
2541,1
107,1
1995,0
4990,0
0,1
3627,1
1239,1
2691,0
5810,0
4953,0
5475,0
5969,0
3065,0
5561,0
3595,0
1084,0
4181,1
740,0
4076,1
240,0
4822,0
1288,1
2920,0
3481,0
732,1
3830,1
5792,0
4572,1
3043,0
5380,1
1707,0
5251,1
2026,0
3693,0
4506,1
5885,0
1808,0
4893,1
1355,0
5126,0
4523,0
3394,1
3647,1
351,1
3918,1
2155,1
5418,0
4664,0
460,0
296,0
818,0
5104,0
1912,1
3867,0
1209,1
5865,0
5254,0
2782,1
5394,0
15,0
1636,0
5210,0
1419,0
4892,0
2162,0
2183,0
2347,0
5427,0
2578,1
5267,0
1882,0
2495,0
5314,0
4607,0
5093,0
5982,0
4924,1
3821,1
1944,0
4726,0
4645,1
826,0
1,1
5752,0
3312,0
4277,0
592,0
4446,0
3971,0
5150,0
1660,0
66,1
2947,0
3431,0
471,1
1206,0
1241,0
3988,1
5207,1
1503,0
2116,0
931,0
3533,0
1425,0
2193,0
1653,0
2773,1
976,0
4247,0
2444,0
5939,0
3193,0
3014,0
5141,1
474,0
936,1
5921,1
4052,0
4314,0
822,0
531,0
2308,0
2966,0
141,0
1681,1
24,0
4090,1
4681,1
4106,1
3625,0
189,0
3740,0
3106,1
5416,1
5114,0
2243,0
2434,0
5345,0
1959,1
4933,0
3922,1
2539,1
1786,0
2716,0
4012,1
3340,1
3419,0
3469,1
2337,1
1340,0
2348,0
691,0
1554,1
2262,0
1068,0
4503,0
1327,0
3276,0
5942,0
1061,1
5354,0
3058,0
5814,1
4703,1
5604,1
2021,0
2153,0
1958,0
4405,1
3095,0
669,1
2149,1
3049,0
3823,0
2077,0
1500,0
1625,0
3928,1
4019,0
1547,1
5580,0
1481,1
1818,0
3678,1
2792,1
5200,1
5793,1
2294,0
865,0
1843,1
2093,0
3186,1
3921,1
3958,0
3486,1
5914,0
4427,0
5244,0
552,0
5273,0
389,0
3219,0
435,1
1044,0
5495,0
4885,1
1263,0
3793,0
4709,1
1948,1
5436,0
239,0
959,0
462,1
5298,0
1753,0
1717,0
5179,0
1434,1
2575,1
4922,0
343,1
1187,0
3406,1
323,1
5542,1
2739,0
5904,0
4353,1
3692,0
4072,0
2822,1
1996,1
4294,0
971,1
5730,0
5709,1
5816,0
972,1
3518,0
3620,0
5370,0
1626,0
5631,0
2602,0
5129,0
5245,1
1733,0
3972,0
4387,1
1937,0
1600,0
161,0
4417,1
3249,0
3347,0
3662,0
5089,0
1850,1
5927,0
248,1
3429,0
3165,1
4057,0
3509,1
1096,0
2631,1
5684,0
491,0
399,1
4634,0
3945,0
3333,1
2772,0
5538,0
5261,1
311,1
3262,1
573,0
298,0
4766,0
2482,0
4024,0
4520,0
1092,1
1332,0
5173,0
4174,1
5981,0
4846,0
1168,0
4344,0
5802,0
3287,0
2667,1
2418,0
3903,1
1978,0
2954,0
28,0
4682,1
1480,0
4559,0
3977,1
750,0
3698,0
4710,1
3281,0
1619,1
5111,0
2207,0
1346,0
1775,1
4653,0
2306,0
3183,1
5182,0
1866,0
5246,0
1868,0
1118,0
204,1
1204,0
2433,0
3420,0
3628,1
643,0
3011,1
4837,0
2650,0
1117,0
2493,0
1702,0
3013,0
4418,0
3622,1
5743,0
4543,0
4824,1
1339,0
3297,1
2384,1
772,1
1720,0
4383,0
4422,0
5645,1
5820,0
1685,0
2166,0
3489,0
1535,0
4033,0
876,0
2761,0
4894,0
1544,1
1587,0
2856,0
821,1
5443,1
475,0
4158,1
72,1
4707,0
5318,0
127,0
312,0
5725,0
193,0
3951,0
292,0
4737,0
120,1
1259,1
540,0
1158,0
699,0
1566,0
5227,0
1191,1
5471,1
5329,0
2032,1
4618,0
1418,0
4711,0
3760,0
184,1
4240,0
3499,1
3383,0
1793,1
3563,1
5588,1
2131,0
3981,0
4227,0
1926,0
3603,0
5952,0
3131,0
5713,1
4685,0
5527,1
1095,1
1800,1
4842,0
2946,0
4426,0
5771,0
2182,0
5547,1
2701,0
4564,0
4047,0
785,1
3240,0
3485,0
4644,0
1286,0
4866,1
1604,1
4321,0
5350,1
5481,0
5977,1
1140,1
1893,0
5081,0
2326,0
2110,0
418,0
5159,1
3968,0
5123,1
134,1
5289,0
5811,0
4941,0
3460,1
4748,0
5042,1
4016,1
2820,1
486,0
5143,0
5895,1
1444,0
102,0
1128,1
4844,0
733,0
2086,0
30,0
2405,1
869,1
5209,1
4632,1
1911,1
3289,0
4161,0
4973,0
2087,0
3036,0
5085,0
3172,0
4665,0
2282,0
149,0
3676,0
2352,0
969,1
1342,1
963,0
2985,0
4568,0
5535,0
2351,0
3495,0
930,0
1578,0
1207,0
271,1
4694,1
126,0
261,0
3122,0
3682,0
1992,0
1731,1
2163,1
2120,0
5559,0
3806,0
5284,0
3257,0
5639,0
3994,0
642,0
5818,0
1577,0
1802,0
2024,1
3812,0
1531,0
1328,1
5860,1
3952,0
2628,1
5605,1
3400,1
2369,0
4874,0
169,0
5565,0
3681,0
3636,0
1196,1
5953,0
5703,0
5959,0
3756,0
5513,0
2296,0
336,0
4826,0
4702,0
1362,0
395,0
4993,0
5507,0
1437,0
4082,0
3569,1
1056,1
5146,0
2906,0
5091,0
5701,1
2268,0
5223,1
257,0
1940,0
4341,0
188,0
3842,0
814,0
5049,1
4695,0
5061,0
4001,0
5092,0
1789,1
158,0
830,1
803,0
4732,1
4763,1
1585,1
371,0
4583,1
40,0
4326,0
1232,0
2932,0
4987,0
4171,0
4187,0
1552,1
2801,0
494,0
5010,1
2180,0
2525,0
726,0
3108,0
1005,0
1633,0
2909,1
5963,1
4290,0
4836,1
3150,0
2200,0
2549,1
5596,0
3038,1
3864,1
1584,1
4880,0
2100,1
4222,1
3319,1
4656,0
5652,0
3299,0
4620,1
5545,0
3000,0
3003,1
4705,0
4401,0
5005,0
5243,0
503,1
4011,1
3484,0
1296,1
2982,1
4358,0
1013,0
4593,0
5324,0
3012,1
4569,0
2114,0
2767,0
2665,0
35,1
4081,1
5080,0
5798,0
5152,0
878,1
2428,0
525,0
3810,1
1991,0
2245,1
2594,0
5662,0
2065,0
3869,0
1522,1
2400,0
4952,0
3343,0
709,0
2861,1
4195,0
79,0
3536,1
3214,0
1042,0
3671,0
50,0
3663,0
5034,1
5258,0
3591,1
3380,0
4808,0
5451,0
249,0
1482,0
1651,0
2007,0
3180,0
2429,1
3534,0
5231,0
5593,1
654,0
3700,0
5956,1
892,1
4275,0
4421,0
3004,1
2836,1
268,1
2080,0
2637,0
4785,0
1833,0
5722,0
327,0
3516,1
3520,1
1478,1
5206,0
2257,1
5486,0
3158,0
5032,0
3714,1
760,0
5001,0
3672,0
1426,1
1160,1
4316,0
5253,1
5118,0
2366,1
3118,0
1379,1
4141,0
4821,0
3105,1
842,0
1076,0
1021,1
1268,0
87,0
3829,1
960,0
5536,0
4165,1
3139,1
3067,0
3252,1
2851,1
4897,0
2175,0
2643,1
117,1
1627,0
1987,1
3224,0
1993,0
3899,0
1415,0
2935,1
5644,0
4908,1
4853,0
4095,0
3724,0
5723,0
5342,0
3125,0
2998,0
146,0
139,0
5203,0
1205,0
2432,0
4366,1
4257,0
4320,0
2353,0
73,1
4816,0
2659,0
5944,1
692,1
5009,0
5796,0
3444,0
3117,0
5472,0
4226,0
1888,0
3513,0
5710,1
1333,1
3686,0
1773,0
3865,0
5688,0
2526,0
1391,1
5522,0
5651,0
414,1
2122,0
602,1
1133,1
2490,1
5689,1
511,0
2793,0
2538,1
1710,1
5170,0
5511,0
1876,0
2409,0
3572,0
644,1
3695,0
168,0
3195,0
3784,0
5259,0
4375,0
697,1
5508,0
1683,0
353,1
488,0
2322,0
2029,0
4820,0
130,0
4563,0
5618,0
2766,0
1673,0
1430,1
1879,1
3020,0
1946,0
4651,0
1066,1
3104,0
25,1
270,0
1039,0
3264,0
4967,1
4373,0
2942,0
3317,1
2844,0
1364,1
2813,0
4474,0
1105,0
1098,0
4517,0
2053,0
4250,1
5256,0
5892,0
5745,0
1972,0
2926,1
4210,1
5160,0
1864,0
5556,0
769,0
3428,0
4340,0
1831,0
5441,1
4955,0
5238,0
2088,0
4851,0
5339,1
191,1
3997,0
3734,1
5884,0
3562,1
1235,0
4770,1
5008,0
1592,1
396,1
5968,1
4338,0
255,1
779,0
3200,0
4466,0
5177,1
5585,0
1630,0
2924,0
4730,1
3064,1
5957,1
5292,1
5466,1
584,1
1269,0
4262,1
4026,1
3207,0
4172,1
5275,1
86,0
2980,0
736,0
3143,0
5978,0
595,0
2563,0
667,1
5949,1
2190,0
1863,1
4877,0
4980,1
1189,0
62,0
372,1
3227,1
754,1
1646,1
264,0
3136,1
5924,0
4622,1
5781,0
1171,0
4049,0
1957,1
3434,0
3099,0
1370,0
403,0
875,0
4814,0
1035,1
212,0
2988,1
99,0
3964,1
3234,0
1534,1
5582,1
1436,1
5520,1
3809,0
1631,0
5431,1
4498,0
3650,0
860,0
5566,1
3332,0
4584,0
797,0
5358,0
2300,0
2566,1
5926,1
3438,0
1563,1
293,1
4995,0
2085,1
585,0
5837,0
1108,0
3947,0
5945,1
170,0
4774,0
5788,1
2524,1
4582,0
1766,0
4666,1
5147,1
2815,0
5804,0
526,1
4280,0
3732,0
2963,1
4020,0
2786,1
1420,1
3028,0
3245,0
4200,0
4241,1
3887,1
5130,0
4798,1
3912,1
3979,0
500,0
2108,0
2939,0
2355,0
4009,0
242,0
2651,0
2886,1
2589,0
297,0
5747,0
5435,0
433,0
4783,1
254,0
3773,0
3361,0
1090,0
424,0
5068,1
1348,0
2864,0
5528,0
708,1
5961,1
4775,0
2486,0
2255,0
3701,0
2626,0
2884,1
3711,1
2698,1
164,0
904,1
1476,0
3502,0
1650,0
3098,0
4983,1
1983,0
2487,0
1254,1
2191,0
3090,0
1159,0
4096,1
5470,1
616,0
3464,0
4107,0
2606,1
4623,1
4984,0
3100,0
1698,0
3506,1
4063,0
6,1
5229,0
1069,0
5297,0
2668,0
5675,0
5628,1
1019,0
3739,0
1126,0
4647,0
2040,1
2970,1
3385,1
4452,0
885,0
2814,0
536,0
2416,1
3208,1
580,1
5315,0
4614,0
2915,0
1561,1
2196,0
2925,1
1223,1
5048,1
2084,0
1311,0
1134,0
5453,0
3871,0
1079,0
3993,1
2624,1
4735,0
2644,0
1953,0
2587,0
1674,1
2209,0
5898,0
3586,0
2622,0
5213,1
4213,0
2234,1
1177,0
1852,1
1984,0
1714,0
3166,0
4994,0
777,1
4390,0
4586,1
3467,0
2254,0
1012,0
5602,1
2912,0
5404,0
2805,0
2567,1
2740,0
4827,0
5430,0
97,0
4399,0
3845,0
945,0
1169,0
1693,0
29,0
3772,1
2711,0
3720,1
5899,0
5912,0
2737,0
1956,1
3794,1
1080,0
1081,0
2960,0
3877,1
5478,1
508,0
5828,0
1323,0
1757,1
5905,1
91,0
1491,1
1307,0
4223,1
4335,0
5477,1
2222,1
3273,1
5149,0
2134,1
4940,1
4133,0
943,1
1861,0
215,0
2752,1
1795,1
900,1
693,0
3,0
4406,0
3401,0
1399,0
1668,1
4007,0
5812,0
4460,0
1608,0
3190,1
2103,0
3749,0
5846,0
5622,0
3963,0
5955,0
277,1
645,0
2152,1
4608,0
4602,0
4938,0
2325,0
786,1
1801,1
2265,1
3741,1
2371,1
1902,0
2041,0
2332,0
4551,0
735,1
128,1
3642,1
2986,1
3251,0
2146,0
3384,1
3288,0
3256,0
1240,0
288,0
2099,0
2410,1
153,0
1029,0
2736,0
3706,0
5336,0
1225,0
1906,0
5134,0
1034,0
3120,0
4654,0
1136,0
273,1
3026,0
5902,0
426,0
5024,0
2664,0
4612,0
586,0
3680,0
1472,1
493,0
4491,0
5817,0
3786,1
1273,0
4221,0
5936,0
4719,0
3955,1
2962,1
5518,0
626,1
4963,1
5517,0
1445,0
5735,1
2168,1
2303,0
5109,0
2720,0
2933,1
1609,0
1406,1
5237,0
1417,0
2373,0
1640,0
3699,0
1576,0
3229,0
2759,0
217,1
1214,1
2910,0
4381,0
3417,1
5417,1
5127,0
2156,1
4157,0
1737,0
276,1
5966,0
5327,0
2854,1
2056,0
262,0
1352,0
3433,0
2199,1
4611,1
4587,0
4958,1
3561,0
5023,0
4455,0
792,0
5303,0
3070,1
5632,0
412,0
3576,0
1994,0
908,1
3694,0
800,0
4689,0
867,0
3781,0
5272,1
5487,0
229,0
1641,0
5958,1
3873,0
3395,0
2047,0
4064,0
77,1
893,0
534,1
5929,0
2363,0
3764,0
5364,0
533,0
577,1
4034,0
283,0
510,1
2694,0
151,0
3392,0
1314,0
4266,0
3542,0
3128,1
3223,0
4756,0
1460,0
2019,1
5988,0
5755,0
5144,1
1680,0
2582,1
3580,0
4701,0
2082,0
5410,0
359,0
545,1
147,0
5575,0
1237,0
5938,0
778,0
179,1
5056,0
1075,1
1744,0
5499,0
4043,1
4640,0
3852,0
1059,1
3244,1
4004,0
2169,1
253,0
5935,0
3987,1
4203,0
3161,0
347,1
948,0
1495,0
4347,0
3630,0
269,0
1045,1
2389,0
3293,0
3437,0
2092,0
5285,1
376,0
439,0
1782,0
941,1
1052,0
1635,1
627,0
1799,0
2725,0
2990,0
5790,0
4522,0
4325,0
3315,0
774,0
2051,1
1568,0
5077,0
4795,0
2531,1
3546,0
3189,1
502,0
1251,0
3059,0
1512,0
4803,0
2690,0
317,1
3539,0
3837,0
1403,0
2509,0
1270,0
690,0
3596,0
5908,1
1792,1
2083,0
2684,1
4658,0
465,0
2507,1
2929,0
1041,0
1648,0
1971,1
611,1
3331,1
5018,0
4519,0
927,0
3457,1
209,0
2076,0
2891,0
4525,0
5414,0
64,0
928,0
5301,0
4713,1
4527,0
4549,0
160,0
1329,0
1679,0
1325,0
5766,0
417,1
905,0
2104,0
5344,1
3483,0
5276,0
3570,0
1695,0
5185,1
4284,1
4693,1
4811,1
2835,0
550,0
3605,0
316,0
528,0
466,0
1913,0
4396,0
2109,1
4190,1
2913,0
3130,1
4442,0
3142,0
3614,0
1132,1
1581,1
4370,0
481,0
4066,1
63,0
2269,1
4439,1
4630,0
2890,0
838,1
4356,0
3427,0
5624,1
1638,0
3490,0
3679,1
2849,0
4805,1
1701,1
5444,1
2157,1
4201,0
2165,1
5854,0
2446,0
4465,0
5770,0
1723,0
5677,0
236,1
1931,0
4015,1
3578,0
604,0
1954,0
4758,1
3868,0
4699,1
2680,0
2949,0
1099,1
1453,0
2467,1
3554,0
3243,1
1397,0
4155,0
1025,0
52,0
4459,0
4856,0
811,0
2981,1
171,0
4526,0
3405,0
579,1
2415,0
5946,0
3669,0
4337,1
4142,1
3606,0
1486,0
5833,0
4137,0
5852,0
805,1
492,0
1666,0
3916,0
2159,0
3792,1
4468,0
3915,1
3985,1
955,0
2090,1
4592,1
4971,0
3228,0
5328,0
509,1
5590,0
1523,0
5683,0
5157,0
916,0
2089,0
334,1
4129,1
2005,1
1405,1
5671,1
3874,0
4895,0
3787,1
5331,0
3702,0
1121,1
557,0
795,0
3909,1
796,0
2984,0
1558,0
5168,1
2475,0
5291,0
4872,0
1656,0
568,1
82,0
5385,0
4131,1
3451,1
2028,0
4788,0
4900,0
1519,1
1015,1
2774,0
5741,1
3771,0
332,0
873,1
1073,0
1657,1
3107,0
789,1
5302,0
4561,0
2696,0
5349,0
5606,0
718,1
4761,0
4852,0
5188,1
722,0
994,0
1751,1
1014,0
5787,1
3274,1
244,0
3449,0
1475,0
446,0
4208,1
2533,0
2830,0
3432,0
5362,0
3929,0
886,0
4283,0
5696,0
764,1
4907,0
3743,1
2730,0
5387,0
5979,0
4733,1
1874,0
1416,0
5047,1
4109,0
5006,1
2564,0
3072,0
2518,1
3848,0
4604,0
3311,0
4829,1
2167,0
1002,1
328,1
4937,0
4497,1
1334,0
5971,1
3619,0
3668,0
3503,1
211,1
949,0
2581,0
2039,0
5482,1
3365,0
1294,0
4736,1
4825,0
1335,1
2278,0
2461,0
4436,0
223,0
3378,0
934,1
2605,0
2551,1
979,0
5656,0
4621,0
4495,0
3424,1
4674,1
5992,1
3389,1
3538,0
322,1
5433,0
3944,1
4887,0
1859,0
2438,0
3508,1
5851,0
1704,0
3565,0
1586,1
620,0
2457,0
1820,0
5901,0
4716,0
2787,0
132,0
1275,0
5886,0
4598,0
5140,0
2760,0
4884,1
3283,0
5355,0
632,0
1058,0
3855,0
5501,0
4545,1
5690,0
5855,1
1846,0
1485,1
4440,1
4220,0
3171,1
4752,1
3084,0
854,1
5266,0
820,1
3462,1
564,0
344,0
2794,0
4297,0
4575,0
980,0
4136,1
5897,0
386,0
380,0
825,0
5555,0
291,0
2893,0
3063,0
4041,0
2845,0
2977,0
2043,0
4093,1
2386,0
944,1
1689,0
3091,1
2717,1
4977,1
1969,0
5889,1
4773,0
619,0
390,0
89,0
5483,0
5308,0
2728,0
1966,1
2283,0
2013,0
3370,0
2956,1
5620,1
2185,0
685,0
3285,0
5826,0
2450,1
5373,0
3850,1
5573,1
5379,0
1450,0
2305,0
4558,0
4115,0
3163,1
3926,0
4218,0
5473,0
2505,1
4718,0
5633,1
2426,0
832,0
1337,1
4534,1
1856,0
5434,0
5626,0
5155,1
3269,0
5772,0
1318,1
3583,0
3029,0
1139,1
5933,0
5013,0
3584,0
1447,0
4444,0
3991,1
5601,1
3574,0
5035,0
2892,1
891,0
2944,0
5581,0
3024,0
849,0
5337,0
3894,1
5423,0
3436,0
1505,1
2133,0
2573,0
2908,1
695,0
1896,0
4706,0
3710,0
4823,0
3880,1
3479,0
2485,0
3973,1
3544,0
3747,0
3260,0
4225,0
569,0
3073,0
4567,0
172,0
3041,1
3553,0
5283,1
2513,0
5685,1
2610,0
430,0
1372,0
3602,0
4969,0
3835,0
5426,0
2398,0
4138,1
855,1
4504,1
2425,1
727,1
2125,0
2571,1
1901,1
5293,0
4139,1
5461,0
5165,0
2619,0
3939,1
222,0
3075,1
5841,1
5491,0
3196,1
2880,0
4499,0
1726,1
3129,0
4659,0
2640,0
5530,1
1097,0
4013,0
1998,1
1834,0
4976,1
252,1
200,0
688,0
5564,0
4156,1
2469,0
4930,0
4145,1
4765,1
4819,0
1798,0
3217,0
1596,0
2803,1
5050,0
2777,0
5390,1
5100,0
527,1
2806,0
3942,0
402,1
665,0
1496,0
2204,0
791,1
3581,0
582,0
5464,0
1871,1
2829,0
2917,1
3497,0
4717,1
324,1
3461,0
4513,0
3579,1
4554,1
2358,1
3253,0
5563,0
300,0
3983,0
5523,0
2339,0
4437,1
2848,1
5568,0
2251,0
3813,0
1341,0
409,0
2870,0
5619,0
719,1
628,0
3575,1
4454,0
581,1
1588,0
546,0
1350,0
1602,0
5504,1
1375,1
5452,0
4036,1
5305,0
2597,1
1933,0
4595,0
1510,0
3277,1
613,0
3415,0
2375,0
267,0
4670,1
228,0
1032,1
5496,1
2111,1
537,0
5578,0
5825,0
103,0
684,0
4886,1
2965,1
3390,0
809,1
3750,0
3878,1
5864,0
4330,1
5640,0
3950,0
5637,0
195,1
325,1
1173,1
4206,0
5998,1
608,0
2722,1
5124,0
5514,1
5931,0
2136,0
1231,0
4562,1
2937,1
1643,1
5776,0
3634,1
2216,0
3097,0
2346,1
3640,0
2408,1
2964,1
5577,1
844,0
2459,1
194,0
2223,1
1047,0
2817,1
4006,0
3708,0
1033,0
848,0
1703,0
3465,1
1915,0
4332,0
8,0
3323,0
1354,0
1266,0
1598,0
1967,0
3205,1
5808,0
2869,0
2554,0
2735,1
1456,0
148,0
1865,0
3552,0
898,1
4310,0
1360,0
3077,0
3535,0
4982,0
1508,0
4754,0
2272,1
1110,1
2328,0
4179,0
4328,0
2312,1
4950,0
5164,0
4176,1
3690,0
1851,0
2638,0
4253,1
1007,0
3357,0
2059,1
5248,0
2025,0
5176,0
4661,0
1880,0
1715,0
2623,0
5022,1
1050,0
1684,1
404,1
5510,0
1979,1
190,0
3863,0
310,0
2247,1
840,0
5402,0
5074,0
1675,0
2067,0
1215,0
7,0
393,1
2378,1
515,1
1055,1
1267,0
5101,1
3137,0
5795,0
484,0
1492,0
3666,0
4692,1
3629,1
3169,0
3834,0
1442,1
4959,0
1770,1
111,0
1312,0
1202,0
1730,1
2957,1
572,0
3795,0
753,1
1471,1
1556,1
3272,0
5875,0
5408,1
4889,1
1593,0
135,0
2600,0
2414,1
5845,0
2627,0
166,0
947,0
1226,0
2535,0
3242,0
2919,0
5294,1
3721,1
1921,1
2529,0
1255,0
3654,1
1293,0
3157,0
687,0
5096,0
5894,0
4542,0
3310,0
3568,0
3456,0
1655,0
4061,0
2974,0
2172,0
2132,0
5086,0
1718,1
3725,0
3320,0
2577,1
2618,0
1244,1
3716,0
1815,0
5603,1
2903,1
1538,0
319,1
3211,0
2011,0
1435,1
2135,1
4771,1
159,0
1398,0
5320,1
1977,0
874,0
504,0
2778,0
3092,0
2151,1
3459,0
656,1
1895,0
1528,0
5962,0
496,0
3397,0
3236,0
157,0
26,0
1201,0
3923,1
4305,1
3688,0
2832,0
3978,0
2866,0
5524,0
1060,0
1287,0
861,0
2036,0
5286,0
5445,0
728,0
275,0
3827,0
5761,1
5678,0
3393,1
1776,1
2592,0
74,0
1952,0
4055,1
3601,0
4501,0
1414,1
951,0
4431,0
5216,0
2112,0
1377,1
3322,0
1672,1
4260,0
4753,0
3175,0
2018,0
4931,0
5166,0
2676,0
5195,0
2673,0
3468,0
388,0
85,0
2895,1
2034,1
4476,0
346,0
5997,0
2480,0
364,0
1565,0
5201,1
4091,0
4098,0
116,0
2613,1
5455,1
17,0
4552,0
1904,0
1732,1
3080,0
4178,1
5219,0
596,0
3759,0
819,1
4121,1
714,1
4815,0
2662,0
4400,0
5323,0
1222,0
1366,1
3523,0
4204,0
4205,0
2008,0
4536,1
38,0
2261,0
1381,0
4625,1
4696,0
4914,1
4484,0
5317,1
1175,0
2721,0
5088,0
1942,0
5351,1
671,0
4947,0
442,0
4505,1
4606,1
3765,0
1828,1
5950,0
360,1
4944,0
4838,0
260,0
1072,0
4741,1
2121,0
4264,1
899,1
4130,0
3278,0
1612,0
437,0
5300,1
5829,0
2969,0
3366,1
4212,0
1167,1
2277,1
2838,0
373,0
4237,1
167,0
1461,1
1172,0
2336,1
1053,0
4236,0
461,0
5020,1
5910,1
369,0
721,0
725,0
2421,0
4251,0
3670,1
587,1
1582,1
2802,1
3526,1
5117,0
2147,0
2316,0
1181,1
1669,0
2687,0
4979,0
224,0
5954,0
315,1
3088,1
3250,0
5055,0
4663,1
3354,1
4449,0
514,0
2119,0
2811,1
4502,1
2871,0
4715,1
1504,1
3849,0
813,0
666,0
700,0
5116,0
2101,0
318,1
4966,0
748,1
5621,1
4492,0
522,1
5890,0
2552,1
523,0
2062,0
4864,0
5069,0
4298,0
3149,0
3530,1
524,0
932,0
4631,1
5163,0
2407,1
2124,0
4531,1
781,1
4642,0
3296,0
2020,1
3661,0
3839,0
1150,0
5976,1
3235,0
350,0
4553,0
1123,0
5094,0
3056,0
1705,1
5567,0
2584,0
2142,0
4014,0
2708,1
3367,0
2574,0
2404,1
2530,0
2362,0
4408,0
304,0
4202,0
4209,0
4391,1
432,0
1745,0
1166,0
1308,0
4792,0
5448,1
3071,0
4376,1
5493,0
5649,0
4271,0
1740,0
329,0
913,1
197,0
765,0
4762,0
3305,0
1439,1
5474,0
827,0
2550,1
2795,1
1326,1
5446,0
610,0
2367,0
5307,1
1385,1
3119,0
119,0
4175,1
416,1
2397,0
1501,0
1760,0
3266,0
3363,0
4996,0
1696,0
1678,0
48,0
541,1
3221,0
3412,1
4216,0
4636,0
467,1
5858,0
1359,1
3549,0
5334,0
2789,0
2967,0
5718,0
4261,0
2210,1
954,0
142,0
3728,0
4873,0
1433,0
4626,0
597,0
520,0
3326,0
2921,0
846,0
3956,1
1989,0
1884,0
450,1
2383,0
3140,1
652,1
2107,0
1980,0
2781,0
553,1
5026,1
4493,0
308,1
4537,0
3653,0
3085,1
4070,0
2510,0
3521,0
4676,0
5679,1
2520,0
1661,0
942,1
2671,0
783,1
1479,1
1611,0
3259,0
80,0
2779,0
5098,0
1632,0
566,0
2790,0
894,0
4728,1
5663,1
4336,1
455,1
1550,0
1797,0
3418,0
4727,0
4896,1
4183,0
5217,0
518,0
646,0
3860,0
1246,1
3550,0
4848,0
3094,0
3761,0
4742,0
1317,0
4094,0
2465,1
5863,1
2771,0
5597,1
3309,1
2388,1
1909,1
2055,1
2657,0
1234,0
5073,0
4074,0
1330,0
53,1
5986,0
1900,0
3358,0
3831,1
3980,1
845,1
3159,0
4089,1
1844,1
3870,0
3862,1
1143,0
1533,0
767,1
1284,0
5197,0
1890,0
1149,0
5740,0
2143,1
5797,1
444,0
457,1
5070,1
1017,0
5920,1
5488,1
5560,0
3881,0
1022,0
5232,0
5687,0
1735,0
4633,1
2607,0
1965,0
108,0
4125,0
441,1
5332,1
704,0
415,0
1396,0
4839,0
5234,0
4211,0
2945,0
476,0
3594,0
5830,1
320,0
4300,1
4800,1
2682,0
1594,0
1115,0
5031,1
4486,0
1185,0
2826,0
3684,1
284,1
2228,0
5658,0
3298,0
2528,1
3843,1
361,0
5989,1
1030,1
449,1
1692,1
4597,0
5711,0
2831,1
1261,0
2568,0
5367,1
4652,0
2678,0
4891,0
445,0
2073,0
4146,1
4360,0
3008,1
5429,0
1264,0
548,0
5878,1
5270,0
3515,0
3896,0
5531,0
4333,0
4414,0
206,1
517,0
4546,0
366,0
2500,0
1506,0
2901,1
4045,0
3076,0
1618,0
5667,0
2211,1
3953,0
2847,0
802,0
483,0
5521,1
1153,1
2154,0
2395,0
5421,0
723,0
238,0
43,1
3480,0
2853,0
4086,1
2338,0
3726,0
2729,0
3768,1
3571,0
543,0
4700,1
2943,1
501,0
4888,1
4229,1
391,0
5589,1
2620,1
68,0
2492,0
2451,1
2889,1
5067,0
5174,0
2478,0
5003,1
1742,0
3021,0
3074,0
3934,0
1063,1
4500,0
4529,0
882,0
4084,0
5785,0
2905,0
1292,0
776,0
3965,0
4530,1
3897,0
1001,0
5716,1
472,0
381,0
4686,0
2875,0
2663,1
5842,1
4712,1
5964,1
1274,0
1091,0
1677,1
1676,0
4698,0
2329,0
4585,0
5372,0
640,0
1236,1
5356,1
5591,0
1525,0
2049,0
4541,0
1277,0
3500,1
4834,0
3146,1
1423,0
3507,0
4029,0
1036,1
1144,0
106,1
1560,0
3705,1
4615,0
3889,1
2876,0
3030,1
1756,1
3044,0
330,0
4025,0
1357,1
5715,0
544,0
3443,0
473,0
648,0
1736,0
574,0
5951,1
1488,0
4610,0
60,1
4801,0
982,0
1469,0
1298,0
647,0
974,0
623,1
5576,0
921,0
981,0
1821,1
1376,0
823,0
4905,0
4778,0
2473,1
2464,0
3766,0
5288,0
5014,0
2679,1
5265,0
998,1
1197,1
3369,1
2911,1
5401,0
2387,0
4028,0
2476,0
1085,1
542,0
3990,0
2556,1
1898,1
163,0
3689,0
4385,0
1130,0
5659,0
4239,1
2017,0
3969,1
3914,1
4579,0
3859,0
3398,0
3818,0
3337,0
5381,0
3300,0
1700,0
1163,1
2496,0
2742,0
5316,0
4163,0
2244,1
3263,0
539,0
4671,0
237,0
121,0
1559,0
3703,1
1809,1
1755,1
3910,1
2237,0
3769,0
4278,0
259,1
2176,0
5489,0
3047,0
4784,0
5777,1
4116,1
5178,1
5108,0
5319,0
5757,0
3639,0
5090,0
3738,0
5676,0
3307,0
3649,0
1388,0
1644,0
4776,1
668,1
1103,0
1822,0
3748,1
406,0
3755,0
2341,0
3145,0
5492,0
303,0
5051,0
230,0
1541,0
4660,1
4323,0
2625,0
278,0
345,1
5193,0
2521,0
5287,0
3856,0
787,0
4643,0
1761,1
3069,0
1845,0
5569,0
2030,1
2754,0
4605,1
4764,1
5039,1
4951,0
2653,0
4697,0
3282,1
3188,0
1579,0
3633,0
2898,1
5290,0
4048,0
2783,0
3722,0
113,1
556,0
313,0
2273,0
5252,0
4532,0
2818,1
1891,0
5923,0
1645,1
4759,0
5509,0
5044,0
4111,0
5224,0
192,0
4648,0
1272,0
5809,0
2390,0
5007,1
1713,0
5242,0
2393,1
5970,0
1509,0
5158,0
5247,1
5295,0
1762,1
1016,1
920,0
1551,1
4079,0
4242,0
962,0
3442,0
2534,0
2519,1
3931,1
3324,0
221,1
3643,0
1291,0
265,0
3879,0
2999,0
2284,0
377,0
5641,0
4457,0
3833,0
3989,1
1271,1
1349,1
2867,1
1247,0
2270,1
2953,1
1256,0
1203,0
1489,0
1324,1
5780,0
3052,0
3407,0
2299,0
4672,0
1023,1
2681,0
1213,0
851,0
4538,0
2649,0
5299,0
5363,0
5773,0
5105,0
5822,1
2128,0
5708,0
2045,0
3177,1
4367,0
2978,1
3774,0
4919,0
3560,0
104,0
23,0
1569,0
2431,0
4902,0
5625,0
4232,0
3487,0
3102,1
352,1
1536,0
5181,0
2280,0
1112,1
198,0
3717,0
4725,0
5036,1
5700,0
2164,0
3825,0
2799,0
4291,0
2705,0
673,0
1070,1
2385,0
4410,0
3391,0
3742,1
5883,0
3582,0
2763,1
1976,0
901,0
2928,0
759,1
1363,0
3339,1
1553,1
5151,0
4684,0
286,1
2314,0
5844,0
5636,0
3187,0
1647,0
1597,0
2561,0
1378,0
1148,0
2187,0
3802,0
5719,1
3017,0
4443,1
2150,1
567,0
4942,0
4970,0
5277,0
991,0
3471,0
742,0
4134,1
2368,1
1127,0
4929,1
3082,0
2241,0
571,0
4104,1
1543,0
5984,1
703,0
3493,0
1487,0
1089,0
1142,0
2118,1
2617,0
858,0
3492,0
5462,1
290,0
5004,0
3382,0
1114,0
5783,1
2683,1
1988,1
4039,0
3585,0
112,0
570,1
3779,0
1242,0
4757,0
2194,0
3875,0
4102,0
1706,0
1903,0
3597,0
4413,0
2203,1
1840,0
4018,1
663,0
1361,0
5400,0
3496,0
1555,0
2484,1
1243,0
3054,1
5993,1
1642,0
1064,0
3178,0
4729,0
3413,1
2973,1
5699,1
2309,0
4122,1
2334,1
5994,0
1422,1
5827,1
5749,0
1470,0
2559,0
2202,0
5374,0
2192,0
480,1
2862,0
2557,1
1382,0
1102,0
4787,0
1869,1
3045,1
897,0
3696,0
5087,1
1567,0
3641,0
3567,0
5347,0
560,0
5654,1
4075,0
4169,0
241,1
1412,1
2731,1
4132,0
1280,0
1830,0
1125,1
175,0
1806,0
4862,0
1031,0
1658,1
1716,0
4361,0
358,1
4916,0
3960,0
5881,1
3537,1
561,0
3898,0
5428,1
1331,0
1624,0
1455,0
1484,0
4285,0
966,1
5333,0
3009,0
423,0
2052,0
3753,1
342,0
3034,0
5264,0
2441,0
384,1
3820,1
1315,0
1749,0
711,1
2301,0
5393,0
2370,0
3615,0
5440,0
174,0
4272,0
4490,1
1129,0
5340,1
1973,1
707,0
4841,0
4481,0
4662,1
3522,0
1124,1
1545,0
4991,0
4311,0
5839,1
5240,0
4248,0
1395,1
4281,0
1100,0
5268,1
5241,0
2293,0
3238,0
1154,0
2129,0
4720,0
2141,0
331,0
5447,0
3452,0
4755,1
2276,0
3015,0
1686,0
4403,0
4974,0
4030,1
1907,0
4485,1
201,0
3613,1
2872,0
2491,1
2686,0
3155,0
2709,1
4722,0
850,1
4215,0
2922,0
1155,0
421,0
575,1
4912,0
681,0
4514,0
2161,0
2361,0
5600,1
1119,0
1974,0
3590,0
2479,1
983,0
4960,0
203,1
355,0
4185,1
1164,0
2075,0
3170,0
2402,0
3134,1
5873,0
1413,0
2396,0
3651,0
4688,1
4566,0
5468,1
1321,0
4035,1
1824,0
4357,1
3005,1
1135,0
101,0
801,1
4265,0
2420,1
2706,0
839,1
4920,0
2206,0
2181,1
1028,0
2904,0
3345,0
1796,0
677,0
2097,0
367,0
675,0
1862,0
5040,0
182,0
1517,0
4324,0
2666,0
2344,0
2014,1
1813,0
3758,0
5967,0
2887,0
4228,1
1146,1
1513,0
5799,1
3635,0
5635,0
5570,0
2070,0
2066,0
2474,0
2703,0
3458,0
2641,0
2498,0
1961,1
607,1
5512,1
3933,1
4051,1
1498,0
3423,1
266,0
5269,1
946,0
5304,1
3626,1
1037,0
5480,0
1432,0
5366,0
3474,0
3160,1
5704,0
2298,0
1603,0
1228,1
3148,0
4616,0
1922,0
289,0
31,0
36,0
807,1
4359,1
3482,0
1748,0
100,1
5038,0
780,0
5562,0
4377,0
872,0
3999,0
4731,0
5249,1
5120,0
883,0
4544,1
3511,0
3168,1
2961,0
939,0
5107,0
853,0
2225,0
2828,0
634,0
4511,0
2614,0
1290,0
4849,1
2290,0
1477,0
3941,0
5027,1
2572,0
88,0
5322,0
5586,0
5801,0
4786,0
307,0
835,0
1260,1
177,0
3525,0
3336,0
3611,0
810,0
5972,1
926,0
3341,0
3111,0
2588,0
3472,0
246,0
34,0
578,0
5122,0
903,0
5857,0
5759,0
4570,0
4854,0
3202,0
5215,0
4635,0
2061,0
4334,0
2517,0
4591,1
5271,0
499,1
1043,0
3543,1
3110,0
5673,1
3949,1
5236,0
5516,0
405,1
2285,0
4245,1
285,0
2317,0
5415,0
1071,0
3184,0
1285,0
4312,1
4600,0
4196,0
5125,0
4388,1
3402,0
2267,1
2010,0
3335,0
1186,1
4909,0
4629,1
443,0
459,1
5139,0
683,1
529,0
4100,1
5167,0
4279,0
5196,0
1794,0
1964,0
2220,0
245,0
4263,0
710,0
109,0
3504,0
2702,1
3648,0
408,0
5376,1
2569,1
4319,0
2489,1
2349,1
61,0
1170,0
5612,0
755,0
4050,0
3478,0
3247,0
1192,0
5194,1
3664,0
2188,0
3984,0
196,0
5843,0
2841,0
3995,0
411,0
4550,0
5175,0
3884,1
1122,0
5311,0
431,1
1180,1
4739,0
4451,1
5449,0
2074,1
1765,0
4865,0
5278,0
2693,1
3890,1
3893,1
4637,1
5382,0
1011,0
720,0
4243,0
2955,0
5019,0
2850,0
55,0
5681,0
1943,0
1877,0
2724,0
2391,1
2810,1
1220,1
3712,0
385,0
3435,0
3532,0
3548,1
1184,0
1807,1
3975,1
3832,0
448,0
2494,1
3379,0
2327,0
4327,0
4022,0
3846,0
3025,0
3762,0
1407,0
4547,0
5664,0
3055,0
907,0
3998,1
5071,0
3321,0
1111,1
469,1
375,0
3048,0
3275,0
5321,1
14,0
2264,0
4303,0
2148,0
5903,0
1829,1
3215,0
1258,0
4507,0
2197,0
5862,0
3780,0
2804,0
5059,0
3133,0
2468,0
425,0
4255,0
4918,0
9,0
3531,0
5758,0
598,0
3599,0
2235,0
1493,1
1465,1
4555,0
363,0
4799,0
4508,0
2501,1
5425,0
5467,0
3646,0
427,0
468,1
2634,0
2558,0
902,0
205,0
3816,0
4038,1
2784,0
454,0
3637,0
1934,1
4528,0
1438,0
909,0
4315,0
2063,0
1278,0
4828,0
2958,1
4177,0
659,0
990,1
549,0
4296,0
45,0
4946,0
3007,0
5546,1
4295,1
5368,0
2878,0
2757,0
5947,0
218,1
5592,0
2865,0
2068,0
5172,1
706,0
4308,0
915,0
3652,0
16,0
5907,0
2258,0
4348,0
451,0
4118,1
5996,0
2031,0
2734,0
1855,1
2454,0
2883,1
698,0
3757,0
4189,0
4085,0
3334,1
1356,0
2335,0
5296,1
19,1
2324,0
2765,0
1788,0
4318,1
1057,0
4037,0
65,0
4818,1
4926,0
1606,0
2661,0
4224,0
3174,1
1590,0
705,0
5869,0
1147,1
2968,1
3089,0
4899,0
401,0
2616,1
4027,0
156,1
4127,1
3707,0
4768,0
3617,0
3346,0
5769,0
4407,0
4046,1
2840,1
1408,1
2993,1
5357,0
1299,0
1174,0
3103,0
5634,1
2874,0
4287,0
3198,0
3667,0
2843,0
2635,1
5041,0
2318,0
3376,0
4113,0
2914,0
766,0
4073,0
5228,0
4669,0
1529,0
2260,1
833,1
2553,0
2449,1
5948,1
4936,0
5189,0
762,0
3767,1
1962,0
5928,0
3573,0
1428,1
2823,0
3153,0
2733,0
5145,0
4945,0
5392,1
124,0
5550,0
4467,0
2645,0
3083,0
4628,1
2992,1
5171,1
